Sl_no,TEMP,DO,pH,CONDUCTIVITY,BOD,NITRATE_N_NITRITE_N,FECAL_COLIFORM,TOTAL_COLIFORM
1,29.2,6.4,8.1,735,3.4,2,3,73
2,24.5,6,8,270,3.1,2,72,182
3,25.8,5.5,7.8,355,4.2,9,59,133
4,24.8,5.5,7.8,371,5.6,3.55,90,283
5,25.7,5.7,7.9,294,3.2,2.69,45,132
6,25,4.5,7.5,513,12.6,2.3,131,320
7,24.8,5.2,7.7,475,10.3,1.9,122,343
8,26.3,5.6,7.7,385,3.8,1,110,292
9,26.5,5.2,7.8,410,5.2,1.5,77,218
10,26,6.5,7.8,178,2.5,1.99,22,74
11,29.2,6.2,7.9,749,3.5,1.75,2,80
12,29.5,6.4,8,834,4.7,1.8,2,77
13,30.2,6.2,8,925,4.2,6.9,2,82
14,26.7,6.5,8,730,4,2.9,2,78
15,27.2,7,7.9,637,4.7,6.5,2,80
16,29.7,6.4,8,656,3.6,1.8,3,82
17,26,6.6,8.1,601,3.2,6.75,2,80
18,28,5.5,8.1,826,1.7,1,27,161
19,31,6.9,9,526,12,0,130,285
20,30,5.7,8.5,575,13,0,240,700
21,30.5,3.2,8.8,803,15,0,500,1250
22,30.5,6.7,9,531,12.5,0,130,425
23,29,4.4,8.5,656,13,0,300,500
24,30,6.1,8.4,418,6.5,0,300,500
25,29.5,6.6,8.2,421,4,0,280,700
26,29.5,4.1,9.1,518,16.5,0,240,900
27,20,6,8.1,443,0.3,1,2,640
28,20.2,5.6,8,462,0.8,1,3,5280
29,19.8,6.1,7.9,666,1.8,0.84,2,1160
30,26.6,5.8,6.9,290,1.2,2.4,48,628
31,27,6.2,7.7,380,1.2,1.56,NA,170
32,26.6,6.1,7.4,480,1.3,1.98,3,432
33,26.8,5.9,7,315,1.2,1.29,23,1100
34,17.5,8.5,8.1,NA,0.7,0,NA,NA
35,16.3,8.8,8.1,NA,0.7,0,NA,NA
36,16.7,8.1,8,NA,1,0,NA,NA
37,17.3,8.4,8.1,NA,1,0,NA,NA
38,17,8.7,8.1,NA,0.9,0,NA,NA
39,17,8.2,8,NA,1.1,0,NA,NA
40,17.2,8.7,7.7,NA,1.1,0,NA,22
41,21,6.9,7.8,NA,5.2,0,NA,908
42,24.4,5.4,7.5,NA,5.3,0,NA,1600
43,18.7,7.7,7.7,NA,2.1,0,NA,177
44,23,9,7.4,242,2.5,0.4,664,1268
45,23,8,7.4,310,2.7,0.1,4000,630
46,22,8.2,7.5,293,2.6,0.1,370,610
47,23,7.8,7.4,320,3.1,0.1,410,630
48,23,7.3,7.5,277,1.4,0,400,610
49,26.9,7.9,7.9,288,2.9,0.2,2200,4467
50,26.9,7.3,7.9,276,3.2,0.3,2978,5078
51,27,7.9,8.2,290,3,0.2,2333,4256
52,27,7.5,8.2,307,3.4,0.2,2600,4856
53,27,6.3,7.7,430,5.5,0.3,15889,54333
54,22.1,8,7.8,213,3.7,0.8,5517,8250
55,22.1,8.2,7.8,209,3.6,0.8,5158,7967
56,24.4,8.7,8.3,385,3.6,1.7,17283,29500
57,24.5,8.4,8.3,382,3.9,1.8,18333,31833
58,24.4,8.5,8.3,404,4.2,2,19500,32417
59,22.4,8.4,7.7,290,2.5,0.4,1567,3078
60,23.8,8.4,7.6,299,2.6,0.5,2146,6518
61,22.5,8.3,8.2,338,2.9,0,2617,3950
62,22.5,7.8,8.5,385,4.5,0,31167,47333
63,22.7,7.7,8.5,369,3.9,0,17500,25667
64,17,8.6,8,290,1.8,0,70,125
65,24.5,8.4,8.1,371,2.5,0,1190,3100
66,24.9,8.1,8.1,376,2.7,0,3183,9350
67,24.5,8.1,8.1,376,2.3,0,1600,3436
68,22.3,8.2,8.1,270,2.2,0,660,2033
69,23.8,8.3,8.2,311,2.5,0,1483,3967
70,24.7,7.8,7.9,402,2.8,0,6527,19091
71,24.9,7.9,8,402,2.7,0,3782,11564
72,24.7,7.3,7.7,452,2.5,0,1382,4573
73,24.4,8.1,8,386,2.3,0,1846,4982
74,24.1,7.8,7.9,277,2.3,0,1251,2770
75,24,7.7,7.8,295,2.6,0,2792,9430
76,23.9,7.6,7.8,268,2.4,0,1622,4411
77,24,7.7,7.8,280,2.5,0,1560,3722
78,24.4,7.7,7.8,276,2.6,0,2933,9044
79,23.4,7.8,7.9,265,2.7,0,2678,8511
80,24.5,8.2,8.1,352,2.5,0,1705,4683
81,24.1,8.1,8.1,375,2.4,0,1198,2855
82,23.4,7.8,7.9,260,2.2,0,1106,2529
83,23.8,7.8,7.9,267,2.3,0,998,2478
84,23.9,7.8,7.9,270,2.3,0,1220,2844
85,23.9,7.7,7.9,262,2.4,0,1290,3020
86,24.5,8,8,377,2.4,0,1846,5073
87,22.5,7.7,7.9,292,2.3,0,1048,2833
88,26.5,7.4,7.9,304,4.2,0.8,166358,287833
89,27.4,7.4,7.9,353,3.3,0.7,143275,474917
90,28.3,6.9,8,312,2.8,0.8,34392,61283
91,27,6.7,7.8,315,3.4,0.9,106417,171417
92,27.3,6,7.9,323,3.1,0.7,153917,335000
93,26.5,6.7,8,319,4.2,0.7,285833,586250
94,26.5,6.3,8,314,3.6,0.7,122417,286083
95,26.4,6.1,8.1,322,3.2,0.7,310417,542917
96,27.1,6.3,8.1,368,3.4,0.6,31417,78083
97,26.4,6.9,8,1900,3.7,0.8,41750,88917
98,22.3,7.2,7.1,216,1.5,1.4,146,5525
99,21.8,7.7,7.2,256,1.4,1.5,2128,45100
100,25.1,6.9,7,273,1.5,2.5,585,26322
101,24.3,7.5,7,298,1.3,1.7,12418,93005
102,25.4,7.9,7.2,236,1.4,2.3,5449,134042
103,27.7,6,7.3,295,1.1,1.9,444,8382
104,27,8.1,7.6,210,0.9,1.2,3388,123400
105,25.8,7.3,7.1,168,1.6,0.4,1653,61303
106,27.3,7.1,7.2,289,1.6,1.4,1208,8725
107,28.2,5.1,7,253,1.5,1.4,2990,180228
108,23.1,6.8,8.1,160,3.1,2.9,15,387
109,24.1,6.8,7.4,449,2.9,1.7,NA,80
110,23.8,6,8.2,262,5.1,1.8,149,1357
111,25,6.7,7.6,441,2.9,1.5,2,80
112,23.7,7,7.5,711,3,1.4,NA,90
113,24,7,7.5,400,2.8,1.2,4,110
114,20.8,6.1,8.4,551,5.6,2.3,183,1377
115,22,6.2,8.3,458,4.6,2.3,191,1481
116,22.7,6.1,8.2,413,5.5,1.8,171,1257
117,29,7.5,8,685,2.1,2.3,780,1390
118,28,7.5,8,808,1.8,2.1,890,1460
119,29.3,5.9,8.3,521,1.5,0.4,518,1110
120,29.4,7.2,8.3,916,1.9,0.2,792,1483
121,29.5,7.1,8.2,718,1.9,0.2,538,1100
122,29.2,6.2,8.3,513,1.4,0.5,678,1250
123,17.6,5.3,8.1,874,10.5,0,NA,NA
124,26,6.7,8.1,791,2.6,2,28,611
125,17.2,5.6,8.1,870,9.5,0,NA,NA
126,28.4,5.7,8.7,1072,1.6,1.2,11,122
127,24.9,6.8,7.9,726,0.9,0.6,2,1875
128,27.6,7,7.8,669,0.6,0.4,2,1613
129,25.8,7.2,8,669,0.7,0.7,2,1750
130,28.4,6.8,8.2,818,2.9,2,36,860
131,26,5.5,7.6,14804,0.7,0.7,2,1450
132,19.7,6.5,8.2,NA,1.1,0,7900,35000
133,18.7,7.7,8.2,NA,1.3,0,1100,6509
134,22.3,7.7,7.5,465,1.2,0.2,9,19
135,23.7,7.5,7.8,331,1.5,0.2,11,21
136,NA,9.3,7.6,NA,2.4,NA,NA,10003
137,NA,1.2,7.5,NA,17.2,9,NA,12010833
138,NA,1.4,7.6,NA,17.3,9.2,NA,23816667
139,25,4,7.7,196,8.3,0,43546,73727
140,25,3.7,7.5,273,9.2,0,53546,117273
141,25.3,4.5,7.5,281,7,0,34818,65000
142,24.8,8.1,8.2,522,2.4,1.8,2875,5975
143,NA,1.4,7.5,NA,38.2,NA,NA,18580000
144,27.4,5.4,7.7,394,1,0.1,913,3600
145,27.7,5.8,7.7,298,1,0.1,1073,3533
146,28.7,7.1,7.9,416,3,1.3,NA,1600
147,26.7,6.3,8.2,573,2.9,0.6,716,2950
148,27,6.9,7.3,1560,7.3,9.1,56,788
149,29.4,6.6,7.7,1049,4.3,1.3,46,1012
150,26.1,4.4,7.8,467,3.8,0.5,1099,4550
151,26.2,5.7,7.9,370,2.2,0.4,430,1744
152,26.9,6.7,7.7,78,0.4,0.8,58,96
153,25.3,7.2,7.5,219,1.1,0.3,353,1478
154,25.8,7.2,7.9,299,1.4,0.3,310,1357
155,25.7,7.2,7.9,266,1.3,0.3,308,1345
156,25.7,5.5,7.7,282,2.3,0.3,647,2717
157,24.7,7.4,7.7,138,0.7,0.2,197,408
158,24.4,8.1,7.7,108,0.7,0.3,11667,37848
159,24.6,7.5,7.7,207,1.1,0.3,6613,20942
160,26.8,7.2,7.9,161,1.9,0.2,15109,32509
161,27.3,6.3,8.1,555,1.5,0.4,15578,35738
162,27.4,7.2,7.9,304,1.8,0.3,18158,42583
163,26.8,5.9,8.1,442,0.9,0.2,12432,24552
164,27.2,6.4,8.1,481,0.9,0.2,22473,44153
165,13.2,8.9,7.1,133,0.3,0.3,5,9
166,17.2,7.9,7.5,295,0.6,1.5,6,22
167,23.3,7.7,7.7,302,1.1,0.3,11,20
168,23.9,7.5,7.7,348,1.4,0.3,9,20
169,17.4,7.9,7.3,242,0.7,1.5,5,17
170,21.9,8.1,7.6,508,1.1,0.4,8,17
171,22.8,7.9,7.6,467,1.4,0.3,8,17
172,10.5,9.3,6.9,82,0.2,0.3,4,8
173,11.2,9.3,6.9,86,0.3,0.4,2,8
174,12.6,9,7,163,0.3,0.3,3,9
175,23.6,NA,7.5,706,49.1,6.8,81125,140500
176,24.3,1.1,7.4,1499,75.6,0.6,174167,250000
177,20.1,0.8,7.4,586,24,0,5692,8150
178,26.8,6.4,7.6,576,2.8,2,20,211
179,25.9,7.5,7.8,361,0.6,0,NA,2
180,26.9,7.4,8.3,371,0.7,0,NA,3
181,27.5,6.7,8.5,218,3,0,3150,13310
182,24,7.1,8.1,386,3.2,0,3580,15300
183,26.2,7.3,7.9,515,NA,1,NA,262
184,26.7,1.5,8.2,6485,NA,5.4,NA,1600
185,26.2,5.6,7.8,317,0.8,0.6,4,5
186,27,7.2,7.9,338,1.9,1.2,NA,236
187,27.8,6,7.9,301,0.8,0.4,4,5
188,26.6,5.9,8.4,546,2,0.6,13,642
189,24.7,5.3,8.2,608,1.3,0.7,4,14
190,24.6,8.2,7.5,696,2,0.9,NA,NA
191,25.5,7.2,7.5,599,2.1,0,NA,NA
192,26.3,6.7,7.5,608,2.1,0,NA,NA
193,25.8,5.2,8.2,556,1,0.6,4,10
194,25.4,7.2,7.7,1165,2.6,1.7,NA,NA
195,28,0,7.3,1507,40,45.5,41,1600
196,27,6.9,8,974,NA,1.6,NA,1600
197,26.8,7,7.8,854,NA,1.9,NA,1600
198,26.8,6.5,7.9,952,NA,1.9,NA,1600
199,25.6,5.4,8,489,0.9,0.6,4,7
200,26.1,5.2,8.3,587,0.9,0.5,4,6
201,24.4,8.1,7.5,708,1.8,0.8,NA,NA
202,26.3,5.4,7.6,607,5.2,3.3,48,633
203,23,8.4,7.5,811,2.1,0.9,NA,NA
204,26.8,7.6,8,345,0.6,0,NA,1
205,26.8,6.6,7.8,865,3.9,1.8,NA,315
206,23.9,6.2,7.7,404,1.2,0.5,4,6
207,28,5.7,8.1,388,0.8,0.6,NA,4
208,23.2,2.4,8.2,1596,7.3,0.9,13,883
209,25.8,5.7,8,306,0.8,0.5,NA,5
210,25.9,5.6,8,265,0.9,0.5,4,6
211,20.8,7.5,7.4,86,2,0.5,2833,6700
212,24.8,6.5,7.3,195,1.7,0.8,1258,1530
213,25.7,7.1,7.1,287,1.3,1.4,423,2320
214,24.3,8.1,6.7,58,1.3,0.4,318,4598
215,24,7.7,6.6,177,1.3,1.6,875,29558
216,25,7.7,6.9,157,1.2,1.3,465,11818
217,25.5,7.3,6.5,138,1.7,0.6,175,615
218,26.9,5.8,7.1,220,1.3,1.6,228,1133
219,29,5.3,6.8,132,2.3,0.8,1280,62780
220,17.5,6.2,6.8,138,1.6,1.3,1255,2975
221,15.1,6.3,6.8,136,1,1.4,6048,31975
222,13.3,4.9,6.8,177,1.7,1.8,638,6740
223,27.3,6.7,7.4,166,3,0.3,169867,344500
224,28.8,7.6,7.6,141,2.4,0.3,4708,15667
225,23,7.7,7,355,0.8,1.4,1530,5628
226,23.4,3,7.6,NA,33.2,0,NA,1600
227,15.1,7.7,7.6,229,1.4,0,NA,NA
228,22.6,2.8,7.1,378,18.4,0,NA,NA
229,23.6,0.8,6.8,550,37.5,0,NA,NA
230,23.3,2.4,7.2,706,35.7,0,NA,NA
231,23.7,1.8,7.3,801,30.4,0,NA,NA
232,22.3,7.9,7.1,386,6.4,0,NA,NA
233,26.9,6.9,8,391,4.1,0.3,2800,5256
234,22.8,NA,7.5,1859,72.1,7.3,243500,232500
235,26.9,6.2,7.9,316,5.1,0.3,2956,5056
236,22.9,8,8,305,2.6,0,4942,5758
237,23.3,3.3,8.4,508,36.5,0,137417,224167
238,26.8,7.3,13.2,237,3.7,0.1,2164,4427
239,23,7.8,8.2,298,2.9,0,6300,10192
240,25.8,8.7,8.1,392,2.7,1.3,631,1879
241,25.9,8,8,454,3.3,1.6,2120,3900
242,25,2.6,7.6,568,9.5,4,82800,118300
243,22.7,7.7,8.2,323,3.3,0,11083,16333
244,22.9,7.8,8.1,306,3,0,6917,11283
245,20.8,7.5,8,478,3.4,0.4,593,1175
246,21,7.1,8.1,438,2.8,0.3,232,494
247,20.3,9.2,7.7,187,2.7,0.7,4525,7258
248,23,7.7,8.1,488,2.9,0.3,203,455
249,21.6,7.5,8.1,529,3.4,0.4,583,1177
250,23.2,8.6,8.2,260,2.2,0,1115,2433
251,24.5,7.6,8.1,286,2.4,0.6,1287,2367
252,24.5,7.9,8.1,281,2.3,0.6,1525,2633
253,22.6,8.1,8.1,232,1.9,0,697,1533
254,19,8.2,7.6,250,2.1,0,710,1567
255,23,8.3,8,252,2.2,0,483,1580
256,23.2,7.7,7.8,298,2.2,0,848,2167
257,22.3,8.6,8.1,238,2,0,581,1557
258,23,8.4,8.1,247,1.8,0,527,1305
259,23.2,7.9,8,302,2.1,0,897,2317
260,23.1,16.3,8.1,269,2,0,769,1655
261,23.8,8,7.4,346,2,0,532,1180
262,22.4,6.5,7.5,319,3.5,0,1900,5025
263,23.3,4.2,7.3,418,7.1,0,2460,7640
264,25.6,4.3,7.1,450,30,0,1690,6333
265,23.3,8,8,290,2.4,0,1350,3250
266,24.1,4.4,7.2,370,4.7,0,1700,4450
267,22.1,8.1,8.1,228,1.8,0,721,1257
268,18.5,8.6,8.1,338,2.1,0,500,950
269,23,7.9,7.8,319,2.2,0,740,1840
270,18,8.8,8.2,340,2,0,500,900
271,22.3,5.6,7.4,330,3.5,0,2000,5560
272,24.8,7,7.4,184,2,0,670,1989
273,23.5,7.1,7.6,211,2,0,900,2175
274,24.2,7.1,7.4,215,2.1,0,738,1880
275,23.7,7.8,7.8,326,2.4,0,1500,2983
276,20.9,5.4,7.5,404,3.3,0,1900,5883
277,23.7,7.7,7.8,333,2.3,0,1200,2650
278,25.2,4.5,7.2,289,5.3,0,1182,3033
279,18.5,7.3,7.8,288,2.8,0,1400,4000
280,23.3,7,7.4,251,2.5,0,1343,3157
281,25.6,2.1,6.9,461,8.6,0,3867,14367
282,23.5,7.2,7.6,299,2.2,0,1045,2750
283,27.8,2.1,7.2,457,11,0,5000,16000
284,24.5,8,7.9,276,1.7,0,743,2333
285,22.6,8.4,7.9,306,2,0,596,1400
286,25.6,6.9,7.9,482,1.5,2.8,NA,144
287,22.3,7.9,7.8,300,2.2,0,827,2467
288,21,8,7.9,289,2.1,0,600,1650
289,27.8,2.1,7.3,432,9.7,0,2850,12550
290,22.7,5.8,7.2,640,6,4.3,1450,4073
291,19,4.8,7.6,1090,22,3.6,30500,52500
292,23,5.5,7.3,705,10,5,2020,5433
293,24,5.1,7.4,1375,23.7,5.9,27333,50333
294,24.7,5.5,7.4,745,10,6.1,12167,29333
295,25,5,7.6,975,16.3,6.1,11167,21667
296,22,4.9,7.7,1385,27.5,7.7,42500,72000
297,24.3,5,7.3,1067,19.3,6.2,21467,39533
298,23.3,5.3,7.2,970,13.3,5.9,3167,7133
299,19.5,4.9,7.7,1418,21,4.2,28000,49500
300,21.5,4.1,7.5,1015,23,6.1,35000,57500
301,20,4.8,7.4,854,17,4.7,20500,38000
302,32.6,4,6.8,370,3,0.8,4,9
303,23.6,7.8,7.8,376,1.3,0.4,9,17
304,23.9,7.7,7.7,354,1.3,0.3,12,22
305,24.5,7.6,7.9,344,1.6,0.4,12,22
306,18.1,4.4,7.1,694,41,1.2,92,224
307,25.1,5.9,8,401,0.9,0.7,4,15
308,22.3,6,7.2,106,0.8,0.4,4,15
309,23.7,5.6,7.9,326,1.1,0.8,4,4
310,23.9,6.2,8.1,592,1,0.7,4,6
311,25.1,6.6,7.8,95,4.9,0.2,16,36
312,29.6,6.9,7.9,99,5,0.4,15,34
313,27.4,6.8,7.7,85,5.2,0.3,11,23
314,27.8,6.7,7.8,80,4.9,0.3,12,29
315,30.6,5.1,7.3,3937,10.3,1.8,31,83
316,25,5.6,7.9,468,3.6,1.9,66,164
317,25,6.4,7.6,541,5.7,0.6,23,45
318,25,5.5,7.4,6166,7.7,1.1,44,67
319,25.3,5.3,7.7,24062,9.9,1.2,156,304
320,25.1,6.7,7.6,83,4.8,0.2,28,76
321,26.1,3.6,7.4,4424,31.3,2.2,276,474
322,21.4,7.2,7.7,226,3.1,0.8,NA,130
323,27.4,5.9,7.4,268,6.4,0.4,37,68
324,27.1,5.4,7.5,2413,7.4,1.5,59,116
325,27.2,5.8,7.3,384,5.4,0.6,37,78
326,27.3,5.9,7.4,269,5.1,1.2,34,60
327,27,6,7.3,269,8.5,0.4,32,58
328,27.2,6.1,7.3,196,6.1,0.5,30,63
329,27,5.9,7.4,269,6.4,0.4,19,47
330,22.6,6.3,7.8,223,4.6,0.9,15,32
331,28.4,6.7,7.3,9293,3.5,1.8,NA,NA
332,28,6.8,7.2,170,3.1,1.4,NA,NA
333,27.6,6.8,7.3,4175,3.3,1.6,NA,NA
334,27.9,6.9,7.3,4282,3.3,1.6,NA,NA
335,28.1,6.9,7.3,5551,3.4,1.7,NA,NA
336,27.1,6.8,7.9,5390,4.9,0.8,15,28
337,27.6,6.6,8.1,161,4.6,0.3,16,32
338,27.3,6.7,8,138,5,0.3,14,33
339,27.8,6.7,7.8,81,4.9,0.3,14,35
340,28,5.9,7.7,194,5.5,0.6,22,51
341,28.1,6.3,7.6,186,4.6,0.6,13,31
342,28.6,6.6,7.6,207,4.7,0.7,12,31
343,26.9,6.8,7.7,85,5,0.4,15,34
344,23,7.1,7.4,176,2.7,0.9,NA,30
345,23,7,7.4,178,2.7,0.9,NA,40
346,23,7.2,7.2,180,2.7,1,NA,70
347,23.8,6.8,7.4,388,2.9,1.5,NA,70
348,24.6,6.4,7.3,467,3,1.3,NA,70
349,24,7,7.3,360,2.9,1.1,NA,90
350,24.4,6.7,7.5,390,2.9,1.3,NA,140
351,26.3,3.7,7.9,453,7.5,2.2,202,1468
352,24.4,5.8,8.1,523,5.7,2.1,164,1529
353,28.5,5.9,7.9,524,11.1,3,52,609
354,27.1,3.3,7.7,424,13.7,3.1,386,1800
355,27.3,5.3,8,720,7.2,2.9,209,1700
356,27.5,5.4,8,755,7.2,3.2,187,1675
357,29.5,6.4,8.2,991,5.3,2,251,1425
358,29.1,6.2,8.2,1010,5.1,2.3,164,1529
359,27.3,6.8,8.4,949,3.8,0.3,1483,1600
360,28.5,6.7,14.7,917,3,0.2,992,1542
361,29.6,7.6,8.1,834,2.1,0.2,1183,1600
362,29.2,6.4,8.4,874,3,0.3,1033,1483
363,29.8,5.7,7.2,189,2,0.2,4953,8391
364,29.5,6.3,6.9,179,1.7,0.1,3243,5330
365,29.7,5.8,6.9,64,3.8,0.5,5382,8443
366,29.5,5.8,7.3,83,1.9,0.4,3428,5500
367,30,5.5,7.4,81,1.5,0.1,2853,4049
368,29.2,6.1,6.7,308,1.4,0.3,3355,5672
369,29.6,6.4,6.7,414,1,0.2,6073,9423
370,30,6.4,7.6,305,2.2,0.1,3478,4990
371,30.1,6.3,7.6,77,2.3,0.1,2606,4301
372,27.8,7.1,7.1,176,1.2,0.1,4573,7817
373,27.9,6.7,6.4,93,1.4,0.1,2147,3433
374,29.3,7.4,6.8,121,1.7,0.4,11633,18125
375,29.2,6.9,7,620,1.1,0.1,3500,6300
376,30,6,7.5,72,1.6,0.2,4995,9517
377,29,7.3,7,247,1.5,0.2,1095,2453
378,29.1,7.3,7,188,1,0.1,1286,3048
379,28.7,7,6.9,224,1.2,0.3,3896,6742
380,28.7,7.3,6.7,144,1.5,0.1,1940,3052
381,29.5,5.3,6.8,319,1.8,0.3,6458,10250
382,29,6.3,6.4,79,1.6,1.4,7592,12842
383,29.4,5.4,7.6,39,1.4,0.1,3176,6367
384,28.3,2.2,6.5,322,4.7,1.2,11210,14920
385,30.1,5.2,7.1,192,2.6,0.3,5073,8925
386,30.3,5.6,7.5,282,1.8,0.1,3205,5082
387,30.5,5.5,7.4,275,1.5,0.1,4698,8625
388,29.1,7.3,6.7,55,1.4,0.1,2638,4003
389,30.1,6.5,7.5,415,2,0.1,864,1538
390,29.2,7.2,6.3,100,1.5,0.1,7942,13575
391,24.5,7.6,7.5,NA,1.4,0,NA,5
392,25,7.4,7.5,NA,1.7,0,NA,9
393,26.3,6.6,7.9,1610,4.7,0.4,2,107
394,29.1,5.8,8.2,498,1.3,2,13,102
395,29.6,5.2,8.2,555,1.6,2.9,19,158
396,28.5,6.3,8.4,451,0.8,0.9,9,90
397,28.3,6.6,8.4,427,1,1,9,82
398,27.9,7,7.8,543,2.3,1.3,786,1400
399,17.4,5.1,7.9,400,10.9,0,NA,NA
400,27,6,8.3,430,8,0,NA,NA
401,26.1,5.1,8.1,369,11.3,1.1,140,220
402,24.9,6,8.2,403,8.9,1,90,130
403,23.9,6.2,8.2,458,8.9,2.2,110,140
404,23.4,5.1,8.2,577,10.7,2.3,110,140
405,24.4,5.4,8.1,678,10.6,2.7,50,80
406,23.7,5.7,8.2,498,8.9,2.1,40,70
407,22.7,7.4,7.4,450,2.2,0.4,39,67
408,21.4,7.3,8,386,2.3,1,15,95
409,23,7.7,8.1,292,1.5,4.8,0,36
410,33.3,4.8,8.3,482,10.8,6,170,277
411,28.1,5.9,8.1,341,9.1,1.2,82,132
412,27.3,5.3,8.2,273,9.6,1.7,98,180
413,25.1,6.2,8.2,393,9.1,2.4,110,170
414,24.3,5.3,8.2,388,10.6,1.2,140,240
415,24.1,5.7,8.2,366,8.6,0.9,170,280
416,24.1,5.5,8.2,607,10.4,2.9,114,193
417,23.7,7.4,7.7,403,2.1,0.3,39,127
418,33.8,4.8,8.2,477,10.5,6.7,131,221
419,24.4,5.5,8.2,534,10.1,2.7,103,157
420,24.9,5.1,8.2,523,11.1,2.7,140,222
421,26.3,4.7,8.4,940,15.1,11.5,183,273
422,23.2,4.2,8.4,685,13,8.4,363,420
423,31.6,5.1,8.3,435,9.7,2.5,152,231
424,21.6,6.9,7.5,469,0.8,0.5,2,1100
425,21,7.6,7.6,207,NA,0,2,400
426,27.6,6.5,7.7,1127,5.7,0.3,3,108
427,22.1,5.2,7.9,306,4.5,2.2,47,136
428,21.6,4.7,7.9,262,3.4,1.2,33,106
429,21.9,5.5,8,247,3.7,1.1,39,104
430,22.7,5.4,8.1,244,3.6,1,44,117
431,21.3,4.9,7.9,272,3.4,0.6,59,155
432,25,5.8,8.3,506,8.5,2.6,14,34
433,24.6,5.1,8.3,534,9.5,3.2,26,50
434,25.3,4.9,8.4,966,12.8,11.7,133,247
435,31.2,5.2,8.3,432,9.8,2.3,113,186
436,31.1,4.7,8.2,432,11.2,2.3,150,246
437,28.9,7,8,736,1.5,4.9,700,1250
438,27.5,7.1,7.9,447,1.5,1,558,1040
439,27.5,6.8,7.4,237,4.5,0.2,796,1460
440,28.5,6.6,7.7,371,1.2,0.6,620,1080
441,28.5,6.9,8,1004,3.3,2.1,740,1390
442,27,7.1,7.9,1017,4,1.5,732,1350
443,25.8,7.2,7.9,286,2.4,0.1,71,157
444,26.1,7,8,415,2.9,0.3,93,191
445,29.9,7.2,7.9,613,1.9,0.2,927,1542
446,27,6.5,7.9,536,6,0.4,179,386
447,26.9,6.5,7.9,398,4,0.2,143,288
448,26.5,6.7,8,383,3.6,0.2,129,279
449,29.8,7.2,8.1,448,1.9,0.2,808,1425
450,26.1,7.2,7.9,313,2.7,0.1,69,152
451,26.2,7.2,7.9,290,2.9,0.1,55,133
452,27.7,7.1,8.1,956,2.2,2.5,18,544
453,27,6.9,8.2,999,3,3.1,23,620
454,27.6,6,7.8,166,3.5,0.2,273,734
455,28.5,6.4,8,219,3.3,0.3,150,291
456,21.8,5.5,13.7,223,1,0.1,718,2946
457,29.5,5.8,7.7,245,4.2,0.2,867,1542
458,28.8,6,7.8,226,3.3,0.2,145,302
459,29.6,6.5,8,154,2,0.2,58,130
460,21.5,5.5,7.4,185,1,0.1,532,2064
461,17,6,8,416,4.3,0,NA,NA
462,17,0,7.4,1408,59,0,NA,NA
463,17.2,0.2,7.5,1255,69,0,NA,NA
464,28.6,5.4,8.2,1062,2.1,2.6,21,67
465,25.5,6.9,8,838,0.9,0.6,2,1450
466,24,6.6,8.3,905,0.7,0.5,2,1400
467,29.1,6.9,8.3,596,2.6,0.3,842,1425
468,29,6.8,8.4,575,2.6,0.4,696,1483
469,28.3,4.8,7.9,1868,5.6,10.3,21,181
470,27,6.8,7.8,648,3.6,5,14,554
471,27.3,7,8.1,734,1.3,0.9,820,1460
472,31.6,7.3,7.2,46,1.2,1.23,108,413
473,30.8,7.1,6.7,48,1.4,0.26,7453,12640
474,30.2,7.4,6.9,80,0.8,0,160,329
475,29.7,4.1,6.7,141,2,1,4428,7894
476,29.1,2.7,6.4,137,2.2,0.77,3207,4719
477,31.6,5.9,6.6,110,2.7,1,1666,12638
478,30.3,1.3,6.6,350,2.9,0,18857,32714
479,31.6,4.9,6.5,148,2.8,1.05,2864,4218
480,26.7,7.15,7.8,1371,14,0,NA,NA
481,27.6,6.5,8.6,649,21.8,4,5064,2487
482,29.5,7.03,8.1,320,29.5,3.23,783,12400
483,28,7.8,8,2225,5.5,2,2568,2448
484,29.3,6.4,8,23125,4.8,2,4500,178
485,27.8,7.2,7.7,1448,16.3,6,NA,664
486,25,7.3,8.5,169,1,1,NA,NA
487,26,7.1,8.5,2440,1,1,NA,NA
488,28,5.5,8.4,NA,1,0,NA,NA
489,28.3,6.8,8,1870,13,1,4,29
490,28.5,7.1,7.5,2100,21,1,4,95
491,29,5.7,7.6,2980,11,6.78,NA,NA
492,NA,4.2,8.7,NA,0.3,0,NA,NA
493,27,3.2,8.4,NA,1,0,NA,NA
494,26,3.4,8.4,NA,1,0,NA,NA
495,25.3,4.7,7.8,NA,21,0,NA,250
496,28.4,3.5,8.1,NA,9.5,0,NA,313
497,26,5,7.6,NA,8,0,NA,200
498,28,4.4,8,NA,1.7,0,NA,NA
499,29,5.9,7.8,1453,7.3,6.45,30,7
500,27.8,2.4,8,351,6.6,6.22,24,959
501,26,8.3,8.3,270,2.1,3,4,87
502,25.7,9.1,8,461,5.5,1.06,7,363
503,25,5.8,7.7,872,1.9,12,7,170
504,22,7.6,7.5,408,2,1.92,7,55
505,22,6.8,7.5,428,2.1,2,13,82
506,29.2,7.5,7.4,59,3.1,5,26,364
507,27,7.6,7.9,680,6.4,17,8,382
508,26.1,8.2,8.3,263,2.3,3,4,97
509,26.8,8.2,8.2,277,2.2,2,4,88
510,25.4,7.1,8.1,273,2.2,4,4,94
511,26.7,7.3,7.9,301,1.8,6.66,3,93
512,22.5,4.4,7.7,464,4.4,12,5,260
513,22.3,7.3,7.9,502,7.6,2,12,121
514,22.5,7.4,7.7,495,5,3,5,200
515,22.1,6.9,7.5,448,4.3,2,8,49
516,28,6.9,7.4,NA,2.3,6,NA,212
517,28.2,6.9,7.3,NA,18.6,1,NA,399
518,26.5,6.3,7.2,NA,10.3,1,NA,652
519,23.8,5.3,8.2,572,1.5,1,7,65
520,23.9,4.6,8.4,1463,3.2,1,16,557
521,19.9,4.7,8.2,321,1.5,1,12,242
522,24.3,5,8.4,583,1.2,1,4,12
523,23.2,8.4,8.3,300,1,2,5,21
524,21.7,5.7,8,295,1.1,1,5,9
525,26.1,4.5,7.9,483,1.5,1,5,15
526,24.4,5,8,314,1.9,2,4,7
527,30.3,5.1,7.9,266,0.9,1.08,4,7
528,21.3,5,8.6,604,1.2,2.29,4,11
529,21.2,4.9,8.6,593,1.1,1,4,7
530,23.2,4.4,8.1,538,1.2,1,5,14
531,22.9,5.6,8.4,591,1.1,3,4,8
532,22.9,5.8,8.5,588,1.2,3,4,6
533,28.7,4.1,7.9,1133,2.3,2,7,67
534,24.3,3.5,8.9,2004,6.5,1,13,248
